Aurel;i like music;Las Palmas de Gran Canaria;www.google.com;www.google.com;Gran-Canaria-Acusa-Artenara.jpg
Aurel;i like music;Las Palmas de Gran Canaria;www.google.com;www.google.com;Gran-Canaria-Acusa-Artenara.jpg
Aurel;i like music;Las Palmas de Gran Canaria;www.google.com;www.google.com;Gran-Canaria-Acusa-Artenara.jpg
Aurel;i like music;Las Palmas de Gran Canaria;www.google.com;www.google.com;Gran-Canaria-Acusa-Artenara.jpg
Aurel;i like music;Las Palmas de Gran Canaria;www.google.com;www.google.com;Gran-Canaria-Acusa-Artenara.jpg
Aurel;i like music;Las Palmas de Gran Canaria;www.google.com;www.google.com;Gran-Canaria-Acusa-Artenara.jpg
Aurel;i like music;Las Palmas de Gran Canaria;www.google.com;www.google.com;Gran-Canaria-Acusa-Artenara.jpgAurel;i like music;La Aldea de San Nicolás;www.google.com;www.google.com;Gran-Canaria-Acusa-Artenara.jpg
Aurel;i like music;La Aldea de San Nicolás;www.google.com;www.google.com;Gran-Canaria-Acusa-Artenara.jpgAurel;i like music;La Aldea de San Nicolás;www.google.com;www.google.com;Gran-Canaria-Acusa-Artenara.jpg
Aurel;i like music;La Aldea de San Nicolás;www.google.com;www.google.com;Gran-Canaria-Acusa-Artenara.jpgAurel;i like music;La Aldea de San Nicolás;www.google.com;www.google.com;Gran-Canaria-Acusa-Artenara.jpg
Aurel;i like music;La Aldea de San Nicolás;www.google.com;www.google.com;Gran-Canaria-Acusa-Artenara.jpgAurel;i like music;La Aldea de San Nicolás;www.google.com;www.google.com;Gran-Canaria-Acusa-Artenara.jpg
Aurel;i like music;La Aldea de San Nicolás;www.google.com;www.google.com;Gran-Canaria-Acusa-Artenara.jpgAurel;i like music;La Aldea de San Nicolás;www.google.com;www.google.com;Gran-Canaria-Acusa-Artenara.jpg
Aurel;i like music;La Aldea de San Nicolás;www.google.com;www.google.com;Gran-Canaria-Acusa-Artenara.jpg